Total,County,Population,White,Black,AIAN,Asian,NHOPI,Other,White_pct,Black_pct,AIAN_pct,Asian_pct,NHOPI_pct,Other_pct
33,ANDERSON,57922,38362,12253,1303,543,57,9210,0.662304478436518,0.211543109699251,0.0224957701736818,0.00937467628880218,0.000984082041365975,0.159006940368081
11,ANDREWS,18610,14709,376,541,153,19,6751,0.790381515314347,0.0202041912950027,0.0290703922622246,0.00822138635142397,0.00102095647501343,0.362761955937668
72,ANGELINA,86395,62905,14115,2058,1169,85,14620,0.728109265582499,0.163377510272585,0.0238208229642919,0.0135308756293767,0.000983853232247236,0.169222755946525
23,ARANSAS,23830,21187,394,875,655,48,4051,0.889089383130508,0.0165337809483844,0.036718422156945,0.0274863617289131,0.00201426772975241,0.169995803608896
4,ARCHER,8560,8077,106,297,74,19,581,0.94357476635514,0.0123831775700935,0.034696261682243,0.00864485981308411,0.0022196261682243,0.0678738317757009
2,ARMSTRONG,1848,1762,34,70,28,8,90,0.953463203463203,0.0183982683982684,0.0378787878787879,0.0151515151515152,0.00432900432900433,0.0487012987012987
29,ATASCOSA,48981,40148,736,1230,396,68,18708,0.819664767971254,0.0150262346624201,0.0251117780363815,0.00808476756293257,0.00138829341989751,0.381944019109451
24,AUSTIN,30167,23961,2791,868,304,27,6265,0.794278516259489,0.0925183147147545,0.0287731627274837,0.0100772367156164,0.000895017734610667,0.20767726323466
7,BAILEY,6904,4679,91,155,19,3,3335,0.677723059096176,0.013180764774044,0.0224507531865585,0.00275202780996524,0.000434530706836616,0.483053302433372
7,BANDERA,20851,19578,270,688,219,63,2672,0.938947772289099,0.0129490192316915,0.0329960193755695,0.0105030933768165,0.00302143782072802,0.128147331063258
71,BASTROP,97216,71796,6873,3522,1287,189,30764,0.738520408163265,0.0706982389730086,0.0362286043449638,0.0132385615536537,0.00194412442396313,0.316449967083608
4,BAYLOR,3465,3252,113,84,22,9,235,0.938528138528139,0.0326118326118326,0.0242424242424242,0.00634920634920635,0.0025974025974026,0.0678210678210678
27,BEE,31047,20953,2558,509,307,50,12461,0.674880020613908,0.082391213321738,0.0163944986633169,0.00988823396785519,0.0016104615582826,0.401359229555191
423,BELL,370647,227563,100605,12616,18271,5981,64126,0.613961532131651,0.271430768359113,0.0340377771842211,0.0492948816528935,0.0161366475379539,0.173010978100457
1413,BEXAR,2009324,1425355,196197,58820,94562,8259,771880,0.709370415124689,0.0976432869960245,0.0292735268179746,0.0470615988262719,0.00411033760608045,0.384149096910205
4,BLANCO,11374,10383,123,315,100,21,1617,0.912871461227361,0.010814137506594,0.0276947423949358,0.00879198171267804,0.00184631615966239,0.142166344294004
0,BORDEN,631,606,16,8,14,8,33,0.960380348652932,0.0253565768621236,0.0126782884310618,0.0221870047543582,0.0126782884310618,0.05229793977813
7,BOSQUE,18235,16347,503,680,148,12,2534,0.896462846174938,0.0275843158760625,0.037290924047162,0.00811625993967645,0.000658075130244036,0.138963531669866
70,BOWIE,92893,63014,25188,3016,1506,184,6300,0.678350360091718,0.271150678737903,0.0324674625644559,0.0162122011346388,0.00198077357820288,0.0678199649058594
286,BRAZORIA,372031,242590,61118,9732,29997,623,85504,0.652069316804245,0.164282008757335,0.0261591103967143,0.0806303775760622,0.00167459163349291,0.229830309839771
142,BRAZOS,233849,167705,27910,5602,16856,493,45626,0.717150810993419,0.119350521062737,0.0239556294874043,0.0720807016493549,0.0021081980252214,0.195108809530937
2,BREWSTER,9546,8247,287,422,164,19,2420,0.86392206159648,0.0300649486695998,0.0442069976953698,0.0171799706683428,0.00199036245547873,0.253509323276765
2,BRISCOE,1435,1260,30,41,13,4,206,0.878048780487805,0.0209059233449477,0.0285714285714286,0.00905923344947735,0.00278745644599303,0.143554006968641
7,BROOKS,7076,6211,47,78,48,10,4037,0.87775579423403,0.00664217071791973,0.0110231769361221,0.00678349349915206,0.00141322781232335,0.570520067834935
16,BROWN,38095,33202,1881,1116,382,82,5576,0.87155794723717,0.0493765586034913,0.0292951830948943,0.0100275626722667,0.00215251345320908,0.146370914818218
18,BURLESON,17642,14139,2145,534,118,38,2858,0.801439746060537,0.121584854324906,0.0302686770207459,0.00668858406076409,0.00215395079922911,0.161999773268337
34,BURNET,49130,43261,1011,1651,629,56,8272,0.880541420720537,0.0205780582129045,0.0336047221656829,0.01280276816609,0.0011398330958681,0.16836963158966
29,CALDWELL,45883,32765,2932,1305,444,106,17985,0.714098903733409,0.0639016629252664,0.0284419065884968,0.00967678660941961,0.00231022383017675,0.391975241374801
17,CALHOUN,20106,15939,534,354,1169,27,6791,0.792748433303492,0.0265592360489406,0.0176066845717696,0.0581418482045161,0.00134288272157565,0.337759872674823
4,CALLAHAN,13708,13068,269,412,109,27,800,0.953311934636708,0.0196235774730085,0.0300554420776189,0.00795156113218558,0.00196965275751386,0.0583600817041144
406,CAMERON,421017,331394,3410,6151,3637,378,247937,0.787127360652895,0.00809943541472197,0.0146098613595175,0.00863860604203631,0.000897825978523433,0.588900210680329
11,CAMP,12464,8673,2092,330,154,32,2534,0.695844030808729,0.167843388960205,0.0264762516046213,0.0123555840821566,0.00256739409499358,0.203305519897304
3,CARSON,5807,5545,91,273,33,15,382,0.954882038918547,0.0156707422076804,0.0470122266230412,0.00568279662476322,0.00258308937489237,0.0657826760805924
20,CASS,28454,22923,4941,906,199,56,1069,0.80561608209742,0.17364869614114,0.0318408659590919,0.0069937442890279,0.00196808884515358,0.0375694102762353
2,CASTRO,7371,5629,155,141,49,14,3416,0.763668430335097,0.0210283543616877,0.0191290191290191,0.00664767331433998,0.00189933523266857,0.46343779677113
14,CHAMBERS,46571,37827,3763,1251,879,50,8419,0.812243670954027,0.0808013570677031,0.0268622103884392,0.0188744068196947,0.00107362951192802,0.180777737218441
41,CHEROKEE,50412,36801,7069,1469,418,49,9625,0.730004760771245,0.140224549710386,0.0291398873284139,0.00829167658494009,0.00097199079584226,0.190926763469015
3,CHILDRESS,6664,5010,672,162,93,36,1374,0.751800720288115,0.100840336134454,0.0243097238895558,0.0139555822328932,0.00540216086434574,0.206182472989196
0,CLAY,10218,9831,121,416,87,7,477,0.962125660598943,0.011841847719710301,0.0407124681933842,0.0085143863769818,0.000685065570561754,0.0466823253082795
1,COCHRAN,2547,1872,94,52,16,2,978,0.734982332155477,0.0369061641146447,0.0204161758932077,0.00628190027483314,0.000785237534354142,0.383981154299176
2,COKE,3285,3059,23,117,17,13,426,0.931202435312024,0.00700152207001522,0.0356164383561644,0.00517503805175038,0.00395738203957382,0.129680365296804
2,COLEMAN,7684,7079,236,258,58,11,616,0.921264966163457,0.0307131702238417,0.0335762623633524,0.0075481520041645,0.00143154606975534,0.0801665799062988
509,COLLIN,1064465,690328,126186,27203,206884,2409,136339,0.64852108805832,0.11854405734336,0.0255555607746615,0.194354910682831,0.00226310869779655,0.128082182129051
2,COLLINGSWORTH,2652,2195,148,86,32,21,495,0.827677224736048,0.0558069381598793,0.0324283559577677,0.0120663650075415,0.00791855203619909,0.186651583710407
27,COLORADO,20557,15392,2535,363,132,19,4479,0.74874738531887,0.123315658899645,0.0176582186116651,0.00642117040424186,0.000924259376368147,0.217881986671207
74,COMAL,161501,143755,5409,4817,3517,439,30740,0.890118327440697,0.0334920526807884,0.0298264407031535,0.0217769549414555,0.00271824942260419,0.190339378703537
3,COMANCHE,13594,11943,127,445,62,15,2740,0.87854936001177,0.00934235692217155,0.0327350301603649,0.00456083566279241,0.00110342798293365,0.201559511549213
0,CONCHO,3303,2813,105,68,47,11,607,0.851650015137754,0.0317892824704814,0.020587344838026,0.0142294883439298,0.00333030578262186,0.183772328186497
22,COOKE,41668,36254,1687,1731,446,52,6356,0.87006815781895,0.0404867044254584,0.0415426706345397,0.0107036574829605,0.00124796006527791,0.1525391187482
59,CORYELL,83093,59658,15290,2728,3238,1539,11660,0.717966615719736,0.184010686820791,0.0328306836917671,0.0389683848218261,0.0185214157630607,0.140324696424488
0,COTTLE,1380,1132,128,39,18,13,202,0.820289855072464,0.0927536231884058,0.0282608695652174,0.0130434782608696,0.00942028985507246,0.146376811594203
3,CRANE,4675,3608,102,100,39,12,1981,0.771764705882353,0.0218181818181818,0.0213903743315508,0.00834224598930481,0.0025668449197861,0.423743315508021
1,CROCKETT,3098,2572,36,80,23,8,1109,0.830213040671401,0.0116204002582311,0.025823111684958,0.00742414460942544,0.0025823111684958,0.357972885732731
5,CROSBY,5133,4019,203,111,41,14,1601,0.782972920319501,0.0395480225988701,0.021624780829924,0.00798753165789986,0.00272744983440483,0.311903370348724
0,CULBERSON,2188,1591,48,56,50,6,1055,0.727148080438757,0.0219378427787934,0.0255941499085923,0.0228519195612431,0.00274223034734918,0.48217550274223
3,DALLAM,7115,5538,142,225,33,11,2880,0.778355586788475,0.0199578355586788,0.0316233309908644,0.00463808854532677,0.00154602951510892,0.404778636683064
3185,DALLAS,2613539,1320086,611735,75211,203085,4398,835929,0.505095198502873,0.234063849822023,0.0287774546314404,0.0777049816360116,0.00168277573053243,0.319845619292461
14,DAWSON,12456,9544,1004,240,86,17,3618,0.766217084136159,0.0806037251123956,0.0192678227360308,0.00690430314707771,0.00136480411046885,0.290462427745665
13,DEAF SMITH,18583,13564,290,414,78,23,8868,0.729914437927138,0.0156056610880913,0.0222784265188613,0.00419738470645213,0.00123769036215896,0.477210353548943
2,DELTA,5230,4663,402,219,63,23,281,0.891586998087954,0.0768642447418738,0.0418738049713193,0.0120458891013384,0.00439770554493308,0.0537284894837476
462,DENTON,906422,636299,113638,27816,106260,2288,142663,0.701989801659713,0.125369860837447,0.0306876929289007,0.1172301643164,0.00252421057741317,0.157391369582821
9,DEWITT,19824,15380,1867,424,105,22,4264,0.775827280064568,0.0941787732041969,0.0213882163034705,0.00529661016949153,0.00110976594027441,0.215092816787732
1,DICKENS,1770,1551,64,56,21,15,313,0.876271186440678,0.0361581920903955,0.031638418079096,0.011864406779661,0.00847457627118644,0.17683615819209
9,DIMMIT,8615,6831,129,125,94,23,4464,0.792919326755659,0.0149738827626233,0.0145095763203714,0.0109112013929193,0.00266976204294835,0.518165989553105
3,DONLEY,3258,2912,227,138,42,13,246,0.893799877225292,0.0696746470227133,0.0423572744014733,0.0128913443830571,0.00399017802332719,0.0755064456721915
6,DUVAL,9831,8325,208,103,66,8,4499,0.846811107720476,0.0211575628115146,0.0104770623537789,0.00671345743057675,0.000813752415827484,0.457634014850982
11,EASTLAND,17725,16081,497,561,169,32,1920,0.907249647390691,0.0280394922425952,0.0316502115655853,0.0095345557122708,0.00180535966149506,0.108321579689704
127,ECTOR,165171,117729,9522,3960,2940,452,69820,0.712770401583813,0.0576493452240405,0.0239751530232305,0.0177997348202772,0.00273655787032833,0.422713430323725
1,EDWARDS,1422,1275,17,45,26,12,409,0.89662447257384,0.0119549929676512,0.0316455696202532,0.0182841068917018,0.00843881856540084,0.287623066104079
233,ELLIS,192455,143684,27000,5978,2639,428,39310,0.746584915954379,0.140292535917487,0.0310618066561014,0.0137122963809722,0.00222389649528461,0.204255540256164
557,EL PASO,865657,617360,38200,20980,18392,3128,484920,0.713169303777362,0.0441283325843839,0.024235927162837,0.0212462903898426,0.00361344042732861,0.560175681592132
11,ERATH,42545,36702,1646,1369,557,82,6613,0.862663062639558,0.0386884475261488,0.0321776942061347,0.0130920202138912,0.00192737101892114,0.155435421318604
4,FALLS,16968,11134,4023,348,106,14,2747,0.656176331918906,0.237093352192362,0.0205091937765205,0.00624705327675625,0.000825082508250825,0.161892975011787
18,FANNIN,35662,30763,2628,1493,319,39,3123,0.862626885760754,0.0736918849195222,0.0418652907857103,0.00894509561998766,0.00109360103191072,0.0875722057091582
18,FAYETTE,24435,20684,1722,573,129,29,3895,0.846490689584612,0.0704726826273788,0.0234499693063229,0.0052793124616329,0.00118682218129732,0.159402496419071
2,FISHER,3672,3254,149,78,27,11,523,0.886165577342048,0.0405773420479303,0.0212418300653595,0.00735294117647059,0.00299564270152505,0.142429193899782
5,FLOYD,5402,4533,207,85,39,23,2015,0.839133654202147,0.0383191410588671,0.015734912995187,0.00721954831543873,0.00425768233987412,0.373009996297668
1,FOARD,1095,982,33,28,12,6,117,0.896803652968037,0.0301369863013699,0.0255707762557078,0.010958904109589,0.00547945205479452,0.106849315068493
606,FORT BEND,822779,381311,183786,14292,194276,1310,159752,0.46344279569605,0.223372254274842,0.0173703995848217,0.236121728921132,0.00159216508928886,0.194161494155782
5,FRANKLIN,10359,9062,534,404,104,27,1247,0.874794864369148,0.0515493773530264,0.0389999034655855,0.0100395791099527,0.00260642919200695,0.120378414904914
15,FREESTONE,19435,14440,3038,489,143,51,2568,0.742989452019552,0.156315924877798,0.0251607923848727,0.00735785953177258,0.00262413172112169,0.132132750192951
10,FRIO,18385,12264,767,234,218,14,8705,0.667065542561871,0.0417187924938809,0.012727767201523,0.011857492521077,0.000761490345390264,0.47348381833016
8,GAINES,21598,18878,356,335,139,33,5717,0.874062413186406,0.0164830076858968,0.0155106954347625,0.00643578109084174,0.00152791925178257,0.264700435225484
246,GALVESTON,350682,259697,49174,9696,15636,741,64984,0.740548417084424,0.140223906559219,0.0276489811282016,0.0445874039728301,0.00211302547607234,0.18530748655477
4,GARZA,5816,4753,381,82,56,17,1040,0.81722833562586,0.0655089408528198,0.0140990371389271,0.00962861072902338,0.00292297111416781,0.178817056396149
13,GILLESPIE,26725,24673,245,681,213,19,4348,0.923217960710945,0.00916744621141253,0.0254817586529467,0.00797006548175865,0.000710944808231993,0.162694106641721
0,GLASSCOCK,1116,1002,27,30,2,6,215,0.897849462365591,0.0241935483870968,0.0268817204301075,0.0017921146953405,0.00537634408602151,0.192652329749104
6,GOLIAD,7012,6127,349,150,60,10,1399,0.873787792355961,0.0497718197375927,0.0213918996006845,0.00855675984027382,0.00142612664004564,0.199515116942384
9,GONZALES,19653,14492,1391,396,122,28,6583,0.737393782119778,0.0707779982699842,0.0201495954816059,0.00620770365847453,0.00142471887243678,0.334961583473261
6,GRAY,21227,17320,1039,713,192,17,4731,0.815941960710416,0.0489470956800302,0.0335892966504923,0.00904508409101616,0.000800866820558722,0.222876525180195
87,GRAYSON,135543,113522,9856,7489,2686,243,16489,0.83753495200785,0.0727149317928628,0.0552518388998325,0.0198165895693618,0.00179278900422744,0.121651431648997
142,GREGG,124239,84226,27498,3316,2137,139,19241,0.677935269923293,0.221331465964794,0.0266904917135521,0.0172007179710075,0.00111881132333647,0.154870853757677
21,GRIMES,29268,21667,4217,806,195,38,5630,0.740296569632363,0.144082274156075,0.0275386087194205,0.00666256662566626,0.0012983463167965,0.192360256935903
106,GUADALUPE,172706,135352,16066,5236,5607,824,44802,0.783713362593077,0.0930251409910484,0.030317418039906,0.032465577339525,0.00477111391613493,0.259411948629463
33,HALE,32522,23005,1807,816,243,63,12997,0.70736732058299,0.0555623885369903,0.0250907078285468,0.00747186519894225,0.00193715023676281,0.399637168685813
1,HALL,2825,2216,237,79,30,9,633,0.784424778761062,0.0838938053097345,0.0279646017699115,0.0106194690265487,0.0031858407079646,0.224070796460177
4,HAMILTON,8222,7738,68,239,63,16,756,0.941133544149842,0.00827049379712965,0.0290683531987351,0.00766236925322306,0.00194599854050109,0.0919484310386767
2,HANSFORD,5285,3910,43,114,15,9,1920,0.739829706717124,0.00813623462630085,0.0215704824976348,0.00283822138126774,0.00170293282876064,0.363292336802271
1,HARDEMAN,3549,3034,195,101,30,17,501,0.854888701042547,0.0549450549450549,0.0284587207664131,0.0084530853761623,0.00479008171315864,0.14116652578191
28,HARDIN,56231,51364,3559,1396,608,82,2752,0.913446319645747,0.0632924899077022,0.0248261635041169,0.0108125411250022,0.00145827034909569,0.0489409756184311
4209,HARRIS,4731145,2467905,981484,127096,392435,10125,1583413,0.521629542108728,0.207451684528798,0.0268636873315022,0.0829471512709925,0.00214007391445411,0.334678603171114
36,HARRISON,68839,48637,14553,2154,718,102,7926,0.706532634117288,0.211406324903035,0.0312904022429146,0.0104301340809715,0.00148171821206002,0.115138221066547
0,HARTLEY,5382,4282,249,92,39,17,1279,0.795615013006317,0.0462653288740245,0.0170940170940171,0.0072463768115942,0.00315867707172055,0.237643998513564
2,HASKELL,5416,4577,268,148,43,10,851,0.845088626292467,0.0494830132939439,0.0273264401772526,0.00793943870014771,0.00184638109305761,0.157127031019202
181,HAYS,241067,191828,13050,7260,10226,2934,65881,0.795745581104008,0.0541343278009848,0.0301161087996283,0.0424197422293387,0.0121708902504283,0.273289168571393
2,HEMPHILL,3382,2831,29,133,39,11,847,0.837078651685393,0.00857480780603193,0.0393258426966292,0.011531638083974,0.00325251330573625,0.250443524541691
54,HENDERSON,82150,71145,5694,2694,794,124,8844,0.866037735849057,0.0693122337188071,0.0327936701156421,0.00966524650030432,0.00150943396226415,0.10765672550213
1178,HIDALGO,870781,650265,7102,12409,10696,412,546137,0.74676066657403,0.00815589683284316,0.0142504257672136,0.0122832262072783,0.000473138481432186,0.627180657363907
21,HILL,35874,29660,2527,1264,278,52,5938,0.826782628087194,0.0704409879021018,0.0352344316217874,0.00774934492947539,0.00144951775659252,0.165523777666276
14,HOCKLEY,21537,17351,803,544,97,30,6410,0.8056368110693231,0.0372846728885174,0.0252588568510006,0.00450387704879974,0.00139295166457724,0.297627338998003
25,HOOD,61598,57099,931,2092,755,136,6326,0.926961914347868,0.0151141270820481,0.0339621416279749,0.0122568914575149,0.0022078638916848,0.102698139549985
18,HOPKINS,36787,30578,2847,1170,420,69,5014,0.831217549677875,0.0773914698127056,0.0318047136216598,0.0114170766846984,0.00187566259820045,0.136298148802566
17,HOUSTON,22066,14571,5462,433,186,26,2660,0.66033717030726,0.247530136862141,0.0196229493338167,0.00842925768150095,0.00117828333182271,0.120547448563401
10,HOWARD,34860,28383,2113,988,561,56,7785,0.814199655765921,0.06061388410786,0.0283419391853127,0.0160929432013769,0.00160642570281125,0.223321858864028
1,HUDSPETH,3202,2492,29,109,22,7,1217,0.778263585259213,0.00905683947532792,0.0340412242348532,0.00687070580886946,0.00218613366645846,0.380074953154279
58,HUNT,99956,81706,9374,4109,1552,300,14827,0.817419664652447,0.0937812637560527,0.0411080875585257,0.0155268318059946,0.00300132058105566,0.148335267517708
12,HUTCHINSON,20617,17468,757,1216,200,13,3399,0.847261968278605,0.0367172721540476,0.0589804530242033,0.0097007324052966,0.000630547606344279,0.164863947228016
0,IRION,1513,1345,30,44,23,20,248,0.888962326503635,0.0198281559814937,0.0290812954395241,0.0152015862524785,0.0132187706543291,0.163912756113681
4,JACK,8472,7256,350,241,72,14,1191,0.856468366383381,0.0413125590179415,0.0284466477809254,0.0084985835694051,0.00165250236071766,0.140580736543909
5,JACKSON,14988,11798,1186,344,228,28,3589,0.787163063784361,0.0791299706431812,0.0229516946890846,0.0152121697357886,0.00186816119562317,0.239458233253269
12,JASPER,32980,25859,5950,766,193,44,1823,0.784081261370528,0.180412371134021,0.0232261976955731,0.00585203153426319,0.00133414190418435,0.0552759248029109
0,JEFF DAVIS,1996,1776,28,81,39,22,425,0.889779559118236,0.0140280561122244,0.0405811623246493,0.0195390781563126,0.0110220440881764,0.212925851703407
197,JEFFERSON,256526,129546,88504,5045,11256,257,45314,0.505001442348924,0.345009862548046,0.0196666224866095,0.0438785932030282,0.00100184776591846,0.176644862509063
1,JIM HOGG,4838,4097,11,60,36,18,2410,0.846837536171972,0.00227366680446465,0.0124018189334436,0.00744109136006614,0.00372054568003307,0.498139727159983
40,JIM WELLS,38891,33110,414,675,216,22,15595,0.851353783651745,0.0106451364068808,0.0173562006633926,0.00555398421228562,0.000565683577177239,0.400992517549047
107,JOHNSON,179927,151363,8888,6664,2852,1205,32047,0.841246727839624,0.0493978113345968,0.0370372428818354,0.0158508728539908,0.00669716051509779,0.178111122844265
8,JONES,19663,14386,2187,415,158,37,4071,0.731627930631135,0.111224126532065,0.0211056298631948,0.00803539642984285,0.00188170675888725,0.207038600417027
9,KARNES,14710,10780,1265,267,196,23,4885,0.732834806254249,0.0859959211420802,0.018150917743032,0.0133242692046227,0.00156356220258328,0.332087015635622
167,KAUFMAN,145310,105456,24448,4851,3026,260,26984,0.725731195375404,0.168247195650678,0.0333838001514005,0.0208244442915147,0.00178927809510701,0.185699538916799
20,KENDALL,44279,40570,603,1209,743,122,7513,0.916235687346146,0.0136181937261456,0.0273041396598839,0.0167799634138079,0.00275525644210574,0.169674111881479
0,KENEDY,350,258,12,18,10,7,193,0.737142857142857,0.0342857142857143,0.0514285714285714,0.0285714285714286,0.02,0.551428571428571
0,KENT,753,704,11,13,9,8,59,0.934926958831341,0.0146082337317397,0.0172642762284197,0.0119521912350598,0.0106241699867198,0.0783532536520584
34,KERR,52598,46868,1127,1381,851,118,9795,0.891060496596829,0.0214266702155976,0.026255751169246,0.0161793224076961,0.00224343130917525,0.186223810791285
4,KIMBLE,4286,3869,37,124,60,19,590,0.902706486234251,0.00863275781614559,0.0289314045730285,0.0139990667288847,0.00443303779748017,0.1376574895007
0,KING,265,247,8,9,4,8,11,0.932075471698113,0.030188679245283,0.0339622641509434,0.0150943396226415,0.030188679245283,0.0415094339622641
0,KINNEY,3129,2749,66,105,46,17,943,0.878555449025248,0.0210930009587728,0.0335570469798658,0.0147011824864174,0.00543304570150208,0.301374240971556
29,KLEBERG,31040,25021,1361,605,973,23,11072,0.806088917525773,0.0438466494845361,0.0194909793814433,0.0313466494845361,0.000740979381443299,0.356701030927835
2,KNOX,3353,2669,210,80,34,10,676,0.796003578884581,0.0626304801670146,0.0238592305398151,0.0101401729794214,0.00298240381747689,0.201610498061438
33,LAMAR,50088,40158,7310,2590,645,71,3405,0.80174892189746,0.145943140073471,0.0517089921737742,0.0128773358888356,0.00141750519086408,0.0679803545759463
20,LAMB,13045,10352,544,235,41,38,4955,0.793560751245688,0.0417018014564967,0.0180145649674205,0.00314296665389038,0.00291299348409352,0.379839018781142
16,LAMPASAS,21627,18883,1079,845,512,170,2972,0.873121561011698,0.0498913395292921,0.0390715309566745,0.0236741110648726,0.00786054468950849,0.137420816571878
0,LA SALLE,6664,5461,259,98,28,8,3142,0.819477791116447,0.0388655462184874,0.0147058823529412,0.00420168067226891,0.00120048019207683,0.471488595438175
10,LAVACA,20337,17710,1497,376,114,16,2648,0.870826572257462,0.073609676943502,0.0184884692924227,0.00560554654078773,0.000786743374145646,0.130206028421104
11,LEE,17478,13909,1945,488,123,17,3348,0.795800434832361,0.111282755464012,0.0279208147385284,0.00703741846893237,0.000972651333104474,0.191555097837281
11,LEON,15719,13530,1059,439,153,18,1759,0.86074177746676,0.0673706978815446,0.0279279852407914,0.00973344360328265,0.0011451110121509,0.111902792798524
65,LIBERTY,91628,65761,8052,2836,734,109,24778,0.717695464268564,0.0878770681451085,0.0309512376129567,0.00801065176583577,0.00118959270092112,0.270419522416729
18,LIMESTONE,22146,15503,4117,644,245,43,3427,0.700036123904994,0.185902646076041,0.0290797435202745,0.0110629459044523,0.00194165989343448,0.154745778018604
2,LIPSCOMB,3059,2434,22,133,18,8,956,0.79568486433475,0.0071918927754168,0.0434782608695652,0.0058842759071592,0.0026152337365152,0.312520431513567
6,LIVE OAK,11335,10257,275,248,66,21,2380,0.90489633877371,0.0242611380679312,0.0218791354212616,0.00582267313630348,0.00185266872518747,0.209969122187914
7,LLANO,21243,20017,233,754,194,23,1781,0.94228687096926,0.0109683189756626,0.0354940450972085,0.0091324200913242,0.00108270959845596,0.0838393823847856
0,LOVING,64,62,3,5,3,2,5,0.96875,0.046875,0.078125,0.046875,0.03125,0.078125
343,LUBBOCK,310639,233644,31107,8733,11533,524,69805,0.752139943793278,0.100138746261738,0.0281130186486565,0.0371266969054111,0.00168684550233551,0.224714218111699
5,LYNN,5596,4366,151,159,34,16,1569,0.780200142959257,0.0269835596854896,0.0284131522516083,0.00607576840600429,0.00285918513223731,0.280378842030021
3,MCCULLOCH,7630,6839,197,194,65,25,1449,0.896330275229358,0.0258191349934469,0.0254259501965924,0.00851900393184797,0.00327653997378768,0.189908256880734
233,MCLENNAN,260579,185645,41799,7563,6704,480,50265,0.712432697953404,0.160408167964418,0.0290238277067607,0.025727322616174,0.00184205173862821,0.192897355504473
1,MCMULLEN,600,559,17,15,13,11,164,0.931666666666667,0.0283333333333333,0.025,0.0216666666666667,0.0183333333333333,0.273333333333333
6,MADISON,13455,8603,2724,258,131,10,2711,0.639390561129692,0.202452619843924,0.01917502787068,0.00973615756224452,0.000743218134522482,0.201486436269045
8,MARION,9725,7553,2026,386,96,18,346,0.776658097686375,0.208329048843188,0.0396915167095116,0.00987146529562982,0.00185089974293059,0.0355784061696658
1,MARTIN,5237,4285,128,161,34,13,1416,0.818216536184839,0.0244414741264082,0.0307427916746229,0.00649226656482719,0.00248233721596334,0.270383807523391
0,MASON,3953,3623,40,91,21,12,645,0.916519099418163,0.0101188970402226,0.0230204907665064,0.00531242094611687,0.00303566911206678,0.16316721477359
31,MATAGORDA,36255,25220,4330,849,856,37,10821,0.695628189215281,0.119431802509999,0.0234174596607364,0.0236105364777272,0.0010205488898083,0.298469176665288
16,MAVERICK,57887,41688,307,1428,295,41,39333,0.720161694335516,0.00530343600462971,0.0246687511876587,0.00509613557448132,0.000708276469673675,0.679478984918894
25,MEDINA,50748,42421,1762,1267,528,105,15712,0.835914715850871,0.0347205801213841,0.0249665011429022,0.0104043509103807,0.00206904705604162,0.309608260424056
1,MENARD,1962,1722,33,40,10,11,380,0.877675840978593,0.0168195718654434,0.0203873598369011,0.00509683995922528,0.00560652395514781,0.193679918450561
74,MIDLAND,169983,130118,12731,4513,4798,314,50575,0.765476547654765,0.0748957248666043,0.0265497137949089,0.0282263520469694,0.0018472435478842,0.297529752975298
17,MILAM,24754,19765,2520,573,193,52,4371,0.798456815060192,0.101801729013493,0.0231477740971156,0.00779671972206512,0.00210067059869112,0.176577522824594
5,MILLS,4456,4112,52,150,26,3,616,0.922800718132855,0.0116696588868941,0.0336624775583483,0.00583482944344704,0.000673249551166966,0.138240574506284
2,MITCHELL,8990,6224,1072,212,71,15,2293,0.692324805339266,0.119243604004449,0.0235817575083426,0.00789766407119021,0.00166852057842047,0.255061179087875
13,MONTAGUE,19965,18854,206,879,129,20,1762,0.94435261707989,0.0103180565990483,0.0440270473328325,0.00646130728775357,0.00100175306786877,0.0882544452792387
328,MONTGOMERY,620443,489270,42774,19322,27701,1651,127845,0.788581706941653,0.0689410630791225,0.0311422644787676,0.0446471311627337,0.00266100189703164,0.206054383722598
15,MOORE,21358,13475,832,1029,1071,19,9392,0.630911134001311,0.0389549583294316,0.0481786684146456,0.0501451446764678,0.000889596404157693,0.439741548834161
6,MORRIS,11973,8868,2705,329,98,31,851,0.740666499624154,0.225924997911969,0.0274784932765389,0.00818508310364988,0.00258915894095047,0.0710765889918984
0,MOTLEY,1063,995,18,44,18,14,77,0.936030103480715,0.0169332079021637,0.0413922859830668,0.0169332079021637,0.013170272812794,0.0724365004703669
59,NACOGDOCHES,64653,45718,11610,1612,1066,59,10555,0.707128826195227,0.179574033687532,0.0249331044189751,0.016488020664161,0.000912563995483582,0.163256152073376
42,NAVARRO,52624,36783,7248,1597,586,820,12902,0.698977652782001,0.137731833384007,0.0303473700212831,0.0111356035269079,0.0155822438431134,0.245173304955914
2,NEWTON,12217,9889,2253,320,50,14,280,0.809445854137677,0.184415159204387,0.0261930097405255,0.00409265777195711,0.00114594417614799,0.0229188835229598
11,NOLAN,14738,12158,953,419,150,29,3156,0.824942325960103,0.0646627764961324,0.0284299090785724,0.0101777717465056,0.00196770253765776,0.214140317546478
505,NUECES,353178,281275,17679,8023,10625,775,128470,0.79641144125625,0.050056911812174,0.0227165905011071,0.0300839803158747,0.00219436091715792,0.363754254228746
5,OCHILTREE,10015,7333,66,345,58,15,4018,0.732201697453819,0.00659011482775836,0.0344483275087369,0.00579131303045432,0.00149775336994508,0.401198202695956
7,OLDHAM,1758,1559,77,60,31,19,219,0.886803185437998,0.0437997724687144,0.0341296928327645,0.0176336746302617,0.0108077360637088,0.12457337883959
22,ORANGE,84808,72128,8941,2132,1451,77,5694,0.850485803226111,0.105426374870295,0.0251391378171871,0.0171092349778323,0.00090793321384775,0.0671398924629752
9,PALO PINTO,28409,25113,857,950,345,60,3781,0.883980428737372,0.0301664965327889,0.0334401070083424,0.0121440388609244,0.00211200675842163,0.133091625893203
16,PANOLA,22491,18023,3509,600,178,38,1665,0.801342759325953,0.156017962740652,0.0266773376017073,0.00791427682183985,0.0016895647147748,0.0740296118447379
85,PARKER,148222,137093,2929,5412,1990,305,15440,0.924916679035501,0.0197608991917529,0.0365127983700125,0.0134258072350933,0.0020577242244741,0.104168072216
6,PARMER,9869,7191,137,246,36,20,3958,0.728645252811835,0.0138818522646671,0.0249265376431249,0.00364778599655487,0.00202654777586382,0.401053804843449
5,PECOS,15193,10335,630,407,183,20,7168,0.680247482393207,0.0414664648193247,0.0267886526689923,0.0120450207332324,0.00131639570854999,0.471796221944316
29,POLK,50123,39871,5422,1983,490,73,6101,0.795463160624863,0.108173892225126,0.039562675817489,0.00977595116014604,0.00145641721365441,0.121720567404186
97,POTTER,118525,80553,14438,3943,6757,140,32808,0.679628770301624,0.121813963298882,0.0332672431976376,0.0570090698164944,0.00118118540392322,0.276802362370808
4,PRESIDIO,6131,4749,47,135,102,16,3578,0.774588158538574,0.0076659598760398,0.0220192464524547,0.0166367639862991,0.00260968846843908,0.583591583754689
4,RAINS,12164,11200,360,432,103,17,905,0.920749753370602,0.0295955277869122,0.0355146333442946,0.00846760933903321,0.00139756658993752,0.074399868464321
108,RANDALL,140753,122859,6592,4545,3550,175,20955,0.872869494788743,0.0468338152650388,0.0322906083706919,0.025221487286239,0.00124331275354699,0.14887782143187
1,REAGAN,3385,2491,78,82,44,20,1494,0.73589364844904,0.0230428360413589,0.0242245199409158,0.0129985228951256,0.00590841949778434,0.44135893648449
1,REAL,2758,2525,50,91,28,8,413,0.915518491660624,0.0181290790427846,0.032994923857868,0.0101522842639594,0.00290065264684554,0.149746192893401
2,RED RIVER,11587,9240,1895,372,97,22,593,0.797445412962803,0.163545352550272,0.0321049451972038,0.008371450763787,0.00189867955467334,0.0511780443600587
14,REEVES,14748,11701,332,209,205,15,6026,0.793395714673176,0.0225115269867101,0.014171413072959,0.0139001898562517,0.00101708706265256,0.408597775969623
10,REFUGIO,6741,5462,534,137,61,14,1912,0.810265539237502,0.0792167334223409,0.0203233941551699,0.00904910250704643,0.00207684319833853,0.283637442515947
1,ROBERTS,827,799,21,41,15,11,32,0.966142684401451,0.0253929866989117,0.0495767835550181,0.0181378476420798,0.0133010882708585,0.0386940749697703
14,ROBERTSON,16757,11710,3381,375,145,30,2467,0.698812436593662,0.201766425971236,0.0223787074058602,0.00865310019693263,0.00179029659246882,0.147222056454019
76,ROCKWALL,107819,87810,9772,3750,4533,251,15738,0.814420463925653,0.0906333763065879,0.0347805117836374,0.0420426826440609,0.00232797558871813,0.145966851853569
7,RUNNELS,9900,8645,252,258,65,43,1916,0.873232323232323,0.0254545454545455,0.0260606060606061,0.00656565656565657,0.00434343434343434,0.193535353535354
40,RUSK,52214,37977,9032,1456,349,49,7756,0.727333665300494,0.172980426705481,0.0278852415061095,0.00668403110276937,0.000938445627609453,0.148542536484468
2,SABINE,9894,8863,852,274,82,19,324,0.895795431574692,0.0861127956337174,0.0276935516474631,0.00828785122296341,0.00192035577117445,0.0327471194663432
6,SAN AUGUSTINE,7918,5703,1897,131,64,13,550,0.7202576408183889,0.239580702197525,0.0165445819651427,0.00808284920434453,0.00164182874463248,0.0694619853498358
6,SAN JACINTO,27402,22592,2412,916,176,42,3767,0.824465367491424,0.0880227720604335,0.0334282169184731,0.00642288884023064,0.00153273483687322,0.137471717392891
99,SAN PATRICIO,68755,58016,1725,1697,1278,179,22314,0.843807723074685,0.0250890844302233,0.0246818413206312,0.0185877390735219,0.00260344702203476,0.324543669551305
3,SAN SABA,5730,4788,150,133,53,13,1170,0.835602094240838,0.0261780104712042,0.0232111692844677,0.00924956369982548,0.00226876090750436,0.204188481675393
0,SCHLEICHER,2451,1707,44,64,28,14,978,0.696450428396573,0.0179518563851489,0.0261117911056712,0.0114239086087311,0.00571195430436556,0.399020807833537
9,SCURRY,16932,13172,812,406,140,23,4810,0.77793527049374,0.0479565320103945,0.0239782660051973,0.00826836758799905,0.00135837467517127,0.284077486416253
0,SHACKELFORD,3105,2906,46,87,33,12,243,0.935909822866345,0.0148148148148148,0.0280193236714976,0.0106280193236715,0.00386473429951691,0.0782608695652174
19,SHELBY,24022,17026,4095,527,458,43,3995,0.708766963616685,0.170468736991091,0.0219382232953126,0.0190658562983931,0.00179002580967447,0.166305886270918
1,SHERMAN,2782,2178,60,100,24,19,1046,0.782890007189073,0.0215672178289001,0.0359453630481668,0.00862688713156003,0.00682961897915169,0.375988497483825
211,SMITH,233479,165980,41819,6249,5402,302,37008,0.710899053019758,0.179112468359039,0.0267647197392485,0.0231369844825445,0.00129347821431478,0.158506760779342
4,SOMERVELL,9205,8453,115,347,93,27,1351,0.918305268875611,0.0124932102118414,0.0376969038565997,0.0101032047800109,0.00293318848451928,0.146768060836502
64,STARR,65920,52713,162,478,152,36,43522,0.79965109223301,0.00245752427184466,0.00725121359223301,0.00230582524271845,0.000546116504854369,0.660224514563107
6,STEPHENS,9101,7801,327,281,89,27,1480,0.857158554005054,0.0359301175694979,0.0308757279419844,0.00977914514888474,0.00296670695527964,0.162619492363477
0,STERLING,1372,1231,22,37,29,9,243,0.897230320699708,0.0160349854227405,0.0269679300291545,0.0211370262390671,0.0065597667638484,0.177113702623907
2,STONEWALL,1245,1139,41,33,9,7,148,0.914859437751004,0.0329317269076305,0.0265060240963855,0.0072289156626506,0.00562248995983936,0.118875502008032
2,SUTTON,3372,2806,32,51,24,14,1332,0.83214709371293,0.00948991696322657,0.0151245551601423,0.00711743772241993,0.00415183867141162,0.395017793594306
5,SWISHER,6971,5283,524,163,44,17,2120,0.757853966432363,0.0751685554439822,0.0233825849949792,0.00631186343422751,0.00243867450867881,0.304117056376417
1692,TARRANT,2110640,1324136,404404,60032,152028,8076,472802,0.627362316643293,0.19160254709472,0.0284425577076148,0.0720293370731153,0.00382632755941326,0.224008831444491
119,TAYLOR,143208,115557,14655,4570,4299,453,21804,0.806917211328976,0.102333668510139,0.0319116250488799,0.0300192726663315,0.00316323110440757,0.15225406401877
1,TERRELL,760,591,22,17,13,11,248,0.777631578947368,0.0289473684210526,0.0223684210526316,0.0171052631578947,0.0144736842105263,0.326315789473684
12,TERRY,11831,9460,540,234,78,36,4119,0.799594286197278,0.0456428028061871,0.0197785478826811,0.00659284929422703,0.00304285352041248,0.348153156960527
0,THROCKMORTON,1440,1394,17,45,8,5,95,0.968055555555556,0.0118055555555556,0.03125,0.00555555555555556,0.00347222222222222,0.0659722222222222
17,TITUS,31247,20989,3347,1033,329,30,10590,0.671712484398502,0.107114282971165,0.0330591736806733,0.0105290107850354,0.000960092168848209,0.338912535603418
90,TOM GREEN,120003,99338,6070,3542,2752,343,30055,0.827795971767373,0.0505820687816138,0.0295159287684475,0.022932760014333,0.00285826187678641,0.250452072031533
754,TRAVIS,1290188,910865,120370,36025,122447,3286,318491,0.705994010175261,0.0932964808229498,0.0279222872945648,0.094906323729565,0.0025469156433016,0.246856272109181
10,TRINITY,13602,11824,1269,412,100,30,1108,0.869283928833995,0.0932951036612263,0.0302896632848111,0.00735186002058521,0.00220555800617556,0.0814586090280841
9,TYLER,19798,16528,2282,463,146,20,1361,0.83483180119204,0.115264168097788,0.0233862006263259,0.00737448227093646,0.00101020305081321,0.0687443176078392
15,UPSHUR,40892,35466,3592,1636,319,78,3336,0.867309009097134,0.0878411425217646,0.0400078254915387,0.00780103687762888,0.00190746356255502,0.0815807492908148
2,UPTON,3308,2810,120,103,32,10,1247,0.849455864570738,0.0362756952841596,0.031136638452237,0.00967351874244256,0.0030229746070133,0.376964933494559
14,UVALDE,24564,19997,268,444,206,35,11233,0.814077511805895,0.0109102751994789,0.0180752320468979,0.00838625631004722,0.00142484937306628,0.457295228790099
17,VAL VERDE,47586,37574,962,884,574,109,24329,0.789601983776741,0.0202160299247678,0.0185768923633001,0.0120623712856723,0.00229058966923045,0.51126381708906
43,VAN ZANDT,59541,54579,2018,1966,481,62,5402,0.916662467879276,0.0338926118137082,0.0330192640365462,0.00807846693874809,0.00104129927277002,0.0907273979274785
74,VICTORIA,91319,71149,6843,2010,1758,108,28345,0.779125921221214,0.0749351175549448,0.0220107535124125,0.0192511963556325,0.00118266735290575,0.310395427019569
30,WALKER,76400,47786,17359,1582,1335,121,13617,0.625471204188482,0.227212041884817,0.0207068062827225,0.0174738219895288,0.00158376963350785,0.178232984293194
36,WALLER,56794,33475,12827,1585,1063,64,15339,0.589410853259147,0.225851322322781,0.0279078775927035,0.0187167658555481,0.00112687959995774,0.270081346621122
5,WARD,11644,8803,666,305,113,43,4101,0.756011679835108,0.0571968395740295,0.0261937478529715,0.00970456887667468,0.00369288904156647,0.35219855719684
23,WASHINGTON,35805,27043,6044,700,694,68,5300,0.755285574640413,0.168803239770982,0.0195503421309873,0.0193827677698645,0.00189917609272448,0.148024018991761
89,WEBB,267114,209337,1647,2995,1774,130,159334,0.783699094768526,0.00616590669152497,0.0112124411300044,0.00664135912007607,0.000486683588280659,0.596501868116235
29,WHARTON,41570,29107,6038,725,264,28,11944,0.700192446475824,0.145248977628097,0.017440461871542,0.00635073370218908,0.00067356266538369,0.2873225884051
3,WHEELER,4990,4279,137,159,53,6,940,0.85751503006012,0.0274549098196393,0.0318637274549098,0.0106212424849699,0.00120240480961924,0.188376753507014
64,WICHITA,129350,99899,16588,4906,3968,440,18335,0.772315423270197,0.128241206030151,0.0379281020487051,0.0306764592191728,0.00340162350212601,0.141747197526092
5,WILBARGER,12887,9392,1259,482,632,24,2542,0.7287964615504,0.0976953519050206,0.0374020330565686,0.0490416698998991,0.00186234189493288,0.197253045704974
17,WILLACY,20164,14903,558,219,211,19,10520,0.739089466375719,0.0276730807379488,0.0108609402896251,0.0104641936123785,0.000942273358460623,0.52172188057925
313,WILLIAMSON,609017,460404,51215,17541,64796,2030,109392,0.755978897140802,0.0840945326649338,0.0288021516640751,0.106394402783502,0.00333324028721694,0.179620601723761
36,WILSON,49753,43700,1101,1468,545,99,12513,0.878338994633489,0.0221293188350451,0.0295057584467268,0.0109541133197998,0.00198982975900951,0.251502421964505
1,WINKLER,7791,5563,210,256,114,14,3228,0.714029007829547,0.0269541778975741,0.0328584263894237,0.0146322680015402,0.00179694519317161,0.414324220254139
26,WISE,68632,61496,1261,2697,644,83,10295,0.896025177759646,0.0183733535377084,0.0392965380580487,0.00938337801608579,0.00120934840890547,0.150002914092552
32,WOOD,44843,40287,2121,1537,367,30,4160,0.898401088241197,0.0472983520281872,0.0342751377026515,0.0081841090025199,0.000669000735900809,0.0927681020449122
3,YOAKUM,7694,5526,110,148,72,5,3656,0.718221991161944,0.0142968546919678,0.0192357681310112,0.00935794125292436,0.00064985703145308,0.475175461398492
8,YOUNG,17867,15872,324,582,132,19,2487,0.88834163541725,0.0181339900374993,0.0325740191414339,0.00738792186712934,0.00106341299602619,0.139195164269323
5,ZAPATA,13889,11720,39,138,41,8,8312,0.843833249334005,0.00280797753617971,0.0099359205126359,0.00295197638418893,0.000575995392036864,0.598459212326301
7,ZAVALA,9670,7887,133,103,42,24,4837,0.815615305067218,0.0137538779731127,0.0106514994829369,0.00434332988624612,0.00248190279214064,0.500206825232678
